{"indexes":[{"v":{"$numberInt":"2"},"key":{"_id":{"$numberInt":"1"}},"name":"_id_"},{"v":{"$numberInt":"2"},"key":{"user":{"$numberInt":"1"}},"name":"user_1","background":true},{"v":{"$numberInt":"2"},"key":{"status":{"$numberInt":"1"}},"name":"status_1","background":true},{"v":{"$numberInt":"2"},"key":{"startTime":{"$numberInt":"-1"}},"name":"startTime_-1","background":true},{"v":{"$numberInt":"2"},"key":{"user":{"$numberInt":"1"},"startTime":{"$numberInt":"-1"}},"name":"user_1_startTime_-1","background":true},{"v":{"$numberInt":"2"},"key":{"user":{"$numberInt":"1"},"status":{"$numberInt":"1"}},"name":"user_1_status_1","background":true},{"v":{"$numberInt":"2"},"key":{"userId":{"$numberInt":"1"}},"name":"userId_1","background":true},{"v":{"$numberInt":"2"},"key":{"userId":{"$numberInt":"1"},"startTime":{"$numberInt":"-1"}},"name":"userId_1_startTime_-1","background":true},{"v":{"$numberInt":"2"},"key":{"userId":{"$numberInt":"1"},"status":{"$numberInt":"1"}},"name":"userId_1_status_1","background":true}],"uuid":"d3ed64c0a1ed4e77b173ce28ac810c81","collectionName":"statushistories","type":"collection"}