{"indexes":[{"v":{"$numberInt":"2"},"key":{"_id":{"$numberInt":"1"}},"name":"_id_"},{"v":{"$numberInt":"2"},"key":{"user":{"$numberInt":"1"}},"name":"user_1","background":true},{"v":{"$numberInt":"2"},"key":{"active":{"$numberInt":"1"}},"name":"active_1","background":true},{"v":{"$numberInt":"2"},"key":{"startTime":{"$numberInt":"1"}},"name":"startTime_1","background":true},{"v":{"$numberInt":"2"},"key":{"user":{"$numberInt":"1"},"active":{"$numberInt":"1"}},"name":"user_1_active_1","background":true},{"v":{"$numberInt":"2"},"key":{"user":{"$numberInt":"1"},"active":{"$numberInt":"1"},"startTime":{"$numberInt":"1"}},"name":"user_1_active_1_startTime_1","background":true},{"v":{"$numberInt":"2"},"key":{"repeat":{"$numberInt":"1"}},"name":"repeat_1","background":true},{"v":{"$numberInt":"2"},"key":{"userId":{"$numberInt":"1"}},"name":"userId_1","background":true},{"v":{"$numberInt":"2"},"key":{"userId":{"$numberInt":"1"},"active":{"$numberInt":"1"}},"name":"userId_1_active_1","background":true},{"v":{"$numberInt":"2"},"key":{"userId":{"$numberInt":"1"},"active":{"$numberInt":"1"},"startTime":{"$numberInt":"1"}},"name":"userId_1_active_1_startTime_1","background":true}],"uuid":"1e7fa10de3f3439f920208c5535b7954","collectionName":"statusschedules","type":"collection"}