{"indexes":[{"v":{"$numberInt":"2"},"key":{"_id":{"$numberInt":"1"}},"name":"_id_"},{"v":{"$numberInt":"2"},"key":{"user":{"$numberInt":"1"}},"name":"user_1","background":true},{"v":{"$numberInt":"2"},"key":{"user":{"$numberInt":"1"},"name":{"$numberInt":"1"}},"name":"user_1_name_1","background":true},{"v":{"$numberInt":"2"},"key":{"user":{"$numberInt":"1"},"status":{"$numberInt":"1"}},"name":"user_1_status_1","background":true},{"v":{"$numberInt":"2"},"key":{"userId":{"$numberInt":"1"}},"name":"userId_1","background":true},{"v":{"$numberInt":"2"},"key":{"userId":{"$numberInt":"1"},"name":{"$numberInt":"1"}},"name":"userId_1_name_1","background":true},{"v":{"$numberInt":"2"},"key":{"userId":{"$numberInt":"1"},"status":{"$numberInt":"1"}},"name":"userId_1_status_1","background":true}],"uuid":"3ea098146bab44bebed48fe6ba7449d5","collectionName":"statustemplates","type":"collection"}