{"indexes":[{"v":{"$numberInt":"2"},"key":{"_id":{"$numberInt":"1"}},"name":"_id_"},{"v":{"$numberInt":"2"},"key":{"userId":{"$numberInt":"1"}},"name":"userId_1","background":true,"unique":true},{"v":{"$numberInt":"2"},"key":{"phoneNumber":{"$numberInt":"1"}},"name":"phoneNumber_1","background":true,"unique":true},{"v":{"$numberInt":"2"},"key":{"email":{"$numberInt":"1"}},"name":"email_1","background":true,"unique":true},{"v":{"$numberInt":"2"},"key":{"status":{"$numberInt":"1"}},"name":"status_1","background":true},{"v":{"$numberInt":"2"},"key":{"statusUntil":{"$numberInt":"1"}},"name":"statusUntil_1","background":true},{"v":{"$numberInt":"2"},"key":{"contacts":{"$numberInt":"1"}},"name":"contacts_1","background":true}],"uuid":"fb991a1342034a31a1a36fb98dd6064c","collectionName":"users","type":"collection"}