{"indexes":[{"v":{"$numberInt":"2"},"key":{"_id":{"$numberInt":"1"}},"name":"_id_"},{"v":{"$numberInt":"2"},"key":{"aiId":{"$numberInt":"1"}},"name":"aiId_1","background":true,"unique":true},{"v":{"$numberInt":"2"},"key":{"userId":{"$numberInt":"1"}},"name":"userId_1","background":true},{"v":{"$numberInt":"2"},"key":{"status":{"$numberInt":"1"}},"name":"status_1","background":true},{"v":{"$numberInt":"2"},"key":{"networkSettings.trustedAIs":{"$numberInt":"1"}},"name":"networkSettings.trustedAIs_1","background":true},{"v":{"$numberInt":"2"},"key":{"networkSettings.blockedAIs":{"$numberInt":"1"}},"name":"networkSettings.blockedAIs_1","background":true},{"v":{"$numberInt":"2"},"key":{"networkSettings.allowedGroups":{"$numberInt":"1"}},"name":"networkSettings.allowedGroups_1","background":true},{"v":{"$numberInt":"2"},"key":{"lastActive":{"$numberInt":"1"}},"name":"lastActive_1","background":true},{"v":{"$numberInt":"2"},"key":{"isActive":{"$numberInt":"1"}},"name":"isActive_1","background":true},{"v":{"$numberInt":"2"},"key":{"userId":{"$numberInt":"1"},"isActive":{"$numberInt":"1"}},"name":"userId_1_isActive_1","background":true},{"v":{"$numberInt":"2"},"key":{"status":{"$numberInt":"1"},"lastActive":{"$numberInt":"-1"}},"name":"status_1_lastActive_-1","background":true},{"v":{"$numberInt":"2"},"key":{"createdAt":{"$numberInt":"-1"}},"name":"createdAt_-1","background":true}],"uuid":"a3249f86b08740f0a1294a4cda08774f","collectionName":"aiinstances","type":"collection"}