{"indexes":[{"v":{"$numberInt":"2"},"key":{"_id":{"$numberInt":"1"}},"name":"_id_"},{"v":{"$numberInt":"2"},"key":{"requesterId":{"$numberInt":"1"}},"name":"requesterId_1","background":true},{"v":{"$numberInt":"2"},"key":{"targetUserId":{"$numberInt":"1"}},"name":"targetUserId_1","background":true},{"v":{"$numberInt":"2"},"key":{"status":{"$numberInt":"1"}},"name":"status_1","background":true},{"v":{"$numberInt":"2"},"key":{"createdAt":{"$numberInt":"1"}},"name":"createdAt_1","background":true},{"v":{"$numberInt":"2"},"key":{"expiresAt":{"$numberInt":"1"}},"name":"expiresAt_1","background":true},{"v":{"$numberInt":"2"},"key":{"requesterId":{"$numberInt":"1"},"createdAt":{"$numberInt":"-1"}},"name":"requesterId_1_createdAt_-1","background":true},{"v":{"$numberInt":"2"},"key":{"targetUserId":{"$numberInt":"1"},"status":{"$numberInt":"1"}},"name":"targetUserId_1_status_1","background":true},{"v":{"$numberInt":"2"},"key":{"status":{"$numberInt":"1"},"expiresAt":{"$numberInt":"1"}},"name":"status_1_expiresAt_1","background":true}],"uuid":"df3290bbdd854ddfac5a94134c6d3e1b","collectionName":"diya_requests","type":"collection"}