{"indexes":[{"v":{"$numberInt":"2"},"key":{"_id":{"$numberInt":"1"}},"name":"_id_"},{"v":{"$numberInt":"2"},"key":{"networkId":{"$numberInt":"1"}},"name":"networkId_1","background":true,"unique":true},{"v":{"$numberInt":"2"},"key":{"groupId":{"$numberInt":"1"}},"name":"groupId_1","background":true},{"v":{"$numberInt":"2"},"key":{"coordinatorAiId":{"$numberInt":"1"}},"name":"coordinatorAiId_1","background":true},{"v":{"$numberInt":"2"},"key":{"networkType":{"$numberInt":"1"}},"name":"networkType_1","background":true},{"v":{"$numberInt":"2"},"key":{"status":{"$numberInt":"1"}},"name":"status_1","background":true},{"v":{"$numberInt":"2"},"key":{"groupId":{"$numberInt":"1"},"status":{"$numberInt":"1"}},"name":"groupId_1_status_1","background":true},{"v":{"$numberInt":"2"},"key":{"coordinatorAiId":{"$numberInt":"1"},"createdAt":{"$numberInt":"-1"}},"name":"coordinatorAiId_1_createdAt_-1","background":true},{"v":{"$numberInt":"2"},"key":{"status":{"$numberInt":"1"},"timeoutAt":{"$numberInt":"1"}},"name":"status_1_timeoutAt_1","background":true},{"v":{"$numberInt":"2"},"key":{"responses.aiId":{"$numberInt":"1"}},"name":"responses.aiId_1","background":true},{"v":{"$numberInt":"2"},"key":{"networkType":{"$numberInt":"1"},"status":{"$numberInt":"1"}},"name":"networkType_1_status_1","background":true}],"uuid":"26b00c97230346c79f4b0b3b5d507583","collectionName":"groupainetworks","type":"collection"}