{"indexes":[{"v":{"$numberInt":"2"},"key":{"_id":{"$numberInt":"1"}},"name":"_id_"},{"v":{"$numberInt":"2"},"key":{"groupId":{"$numberInt":"1"}},"name":"groupId_1","background":true,"unique":true},{"v":{"$numberInt":"2"},"key":{"createdBy":{"$numberInt":"1"}},"name":"createdBy_1","background":true},{"v":{"$numberInt":"2"},"key":{"createdBy":{"$numberInt":"1"},"createdAt":{"$numberInt":"-1"}},"name":"createdBy_1_createdAt_-1","background":true},{"v":{"$numberInt":"2"},"key":{"members":{"$numberInt":"1"},"lastActivity":{"$numberInt":"-1"}},"name":"members_1_lastActivity_-1","background":true},{"v":{"$numberInt":"2"},"key":{"admins":{"$numberInt":"1"}},"name":"admins_1","background":true},{"v":{"$numberInt":"2"},"key":{"lastActivity":{"$numberInt":"-1"}},"name":"lastActivity_-1","background":true},{"v":{"$numberInt":"2"},"key":{"_fts":"text","_ftsx":{"$numberInt":"1"}},"name":"groupName_text_description_text","background":true,"weights":{"description":{"$numberInt":"1"},"groupName":{"$numberInt":"1"}},"default_language":"english","language_override":"language","textIndexVersion":{"$numberInt":"3"}}],"uuid":"d14f0d5d7cbe4ea2becbc7ebb02d62b6","collectionName":"groupchats","type":"collection"}