{"indexes":[{"v":{"$numberInt":"2"},"key":{"_id":{"$numberInt":"1"}},"name":"_id_"},{"v":{"$numberInt":"2"},"key":{"groupId":{"$numberInt":"1"}},"name":"groupId_1","background":true,"unique":true},{"v":{"$numberInt":"2"},"key":{"userId":{"$numberInt":"1"}},"name":"userId_1","background":true},{"v":{"$numberInt":"2"},"key":{"userId":{"$numberInt":"1"},"name":{"$numberInt":"1"}},"name":"userId_1_name_1","background":true,"unique":true},{"v":{"$numberInt":"2"},"key":{"userId":{"$numberInt":"1"},"createdAt":{"$numberInt":"-1"}},"name":"userId_1_createdAt_-1","background":true},{"v":{"$numberInt":"2"},"key":{"members.phoneNumber":{"$numberInt":"1"}},"name":"members.phoneNumber_1","background":true},{"v":{"$numberInt":"2"},"key":{"lastActivity":{"$numberInt":"-1"}},"name":"lastActivity_-1","background":true},{"v":{"$numberInt":"2"},"key":{"members.memberId":{"$numberInt":"1"}},"name":"members.memberId_1","background":true},{"v":{"$numberInt":"2"},"key":{"createdBy":{"$numberInt":"1"}},"name":"createdBy_1","background":true},{"v":{"$numberInt":"2"},"key":{"members.userId":{"$numberInt":"1"}},"name":"members.userId_1","background":true},{"v":{"$numberInt":"2"},"key":{"admins":{"$numberInt":"1"}},"name":"admins_1","background":true}],"uuid":"f6b5f0325f12427ca74ff8ae7adf39d8","collectionName":"groups","type":"collection"}