{"indexes":[{"v":{"$numberInt":"2"},"key":{"_id":{"$numberInt":"1"}},"name":"_id_"},{"v":{"$numberInt":"2"},"key":{"userId":{"$numberInt":"1"}},"name":"userId_1","background":true},{"v":{"$numberInt":"2"},"key":{"user":{"$numberInt":"1"}},"name":"user_1","background":true},{"v":{"$numberInt":"2"},"key":{"active":{"$numberInt":"1"}},"name":"active_1","background":true},{"v":{"$numberInt":"2"},"key":{"startTime":{"$numberInt":"1"}},"name":"startTime_1","background":true},{"v":{"$numberInt":"2"},"key":{"userId":{"$numberInt":"1"},"active":{"$numberInt":"1"}},"name":"userId_1_active_1","background":true},{"v":{"$numberInt":"2"},"key":{"userId":{"$numberInt":"1"},"active":{"$numberInt":"1"},"startTime":{"$numberInt":"1"}},"name":"userId_1_active_1_startTime_1","background":true},{"v":{"$numberInt":"2"},"key":{"repeat":{"$numberInt":"1"}},"name":"repeat_1","background":true},{"v":{"$numberInt":"2"},"key":{"user":{"$numberInt":"1"},"active":{"$numberInt":"1"}},"name":"user_1_active_1","background":true},{"v":{"$numberInt":"2"},"key":{"user":{"$numberInt":"1"},"active":{"$numberInt":"1"},"startTime":{"$numberInt":"1"}},"name":"user_1_active_1_startTime_1","background":true},{"v":{"$numberInt":"2"},"key":{"isTemplate":{"$numberInt":"1"},"templateCategory":{"$numberInt":"1"}},"name":"isTemplate_1_templateCategory_1","background":true},{"v":{"$numberInt":"2"},"key":{"calendarEventId":{"$numberInt":"1"}},"name":"calendarEventId_1","background":true},{"v":{"$numberInt":"2"},"key":{"tags":{"$numberInt":"1"}},"name":"tags_1","background":true},{"v":{"$numberInt":"2"},"key":{"userId":{"$numberInt":"1"},"templateCategory":{"$numberInt":"1"}},"name":"userId_1_templateCategory_1","background":true},{"v":{"$numberInt":"2"},"key":{"userId":{"$numberInt":"1"},"usageCount":{"$numberInt":"-1"}},"name":"userId_1_usageCount_-1","background":true},{"v":{"$numberInt":"2"},"key":{"appliedBy":{"$numberInt":"1"},"createdAt":{"$numberInt":"-1"}},"name":"appliedBy_1_createdAt_-1","background":true}],"uuid":"cec97e04b64b4e4d8b65788dfe2e576d","collectionName":"statusschedules","type":"collection"}