{"indexes":[{"v":{"$numberInt":"2"},"key":{"_id":{"$numberInt":"1"}},"name":"_id_"},{"v":{"$numberInt":"2"},"key":{"userId":{"$numberInt":"1"}},"name":"userId_1","background":true},{"v":{"$numberInt":"2"},"key":{"statusId":{"$numberInt":"1"}},"name":"statusId_1","background":true},{"v":{"$numberInt":"2"},"key":{"isDefault":{"$numberInt":"1"}},"name":"isDefault_1","background":true},{"v":{"$numberInt":"2"},"key":{"userId":{"$numberInt":"1"},"isDefault":{"$numberInt":"1"}},"name":"userId_1_isDefault_1","background":true},{"v":{"$numberInt":"2"},"key":{"userId":{"$numberInt":"1"},"statusId":{"$numberInt":"1"}},"name":"userId_1_statusId_1","background":true},{"v":{"$numberInt":"2"},"key":{"visibility":{"$numberInt":"1"},"userId":{"$numberInt":"1"}},"name":"visibility_1_userId_1","background":true}],"uuid":"be0eff8915bd452bb28f7c54dcc48205","collectionName":"statusprivacies","type":"collection"}