{"indexes":[{"v":{"$numberInt":"2"},"key":{"_id":{"$numberInt":"1"}},"name":"_id_"},{"v":{"$numberInt":"2"},"key":{"storyId":{"$numberInt":"1"}},"name":"storyId_1","background":true},{"v":{"$numberInt":"2"},"key":{"userId":{"$numberInt":"1"}},"name":"userId_1","background":true},{"v":{"$numberInt":"2"},"key":{"storyId":{"$numberInt":"1"},"userId":{"$numberInt":"1"}},"name":"storyId_1_userId_1","background":true,"unique":true}],"uuid":"94d4404c575449208ac50288f7fe84ed","collectionName":"storyseens","type":"collection"}