{"indexes":[{"v":{"$numberInt":"2"},"key":{"_id":{"$numberInt":"1"}},"name":"_id_"},{"v":{"$numberInt":"2"},"key":{"userId":{"$numberInt":"1"}},"name":"userId_1","background":true},{"v":{"$numberInt":"2"},"key":{"createdAt":{"$numberInt":"1"}},"name":"createdAt_1","background":true},{"v":{"$numberInt":"2"},"key":{"expiresAt":{"$numberInt":"1"}},"name":"expiresAt_1","background":true},{"v":{"$numberInt":"2"},"key":{"userId":{"$numberInt":"1"},"expiresAt":{"$numberInt":"1"}},"name":"userId_1_expiresAt_1","background":true}],"uuid":"ae59336a4fbd4d01bd5af7cb563716e8","collectionName":"stories","type":"collection"}