{"indexes":[{"v":{"$numberInt":"2"},"key":{"_id":{"$numberInt":"1"}},"name":"_id_"},{"v":{"$numberInt":"2"},"key":{"queueId":{"$numberInt":"1"}},"name":"queueId_1","background":true,"unique":true},{"v":{"$numberInt":"2"},"key":{"targetAiId":{"$numberInt":"1"}},"name":"targetAiId_1","background":true},{"v":{"$numberInt":"2"},"key":{"fromAiId":{"$numberInt":"1"}},"name":"fromAiId_1","background":true},{"v":{"$numberInt":"2"},"key":{"messageType":{"$numberInt":"1"}},"name":"messageType_1","background":true},{"v":{"$numberInt":"2"},"key":{"priority":{"$numberInt":"1"}},"name":"priority_1","background":true},{"v":{"$numberInt":"2"},"key":{"status":{"$numberInt":"1"}},"name":"status_1","background":true},{"v":{"$numberInt":"2"},"key":{"scheduledFor":{"$numberInt":"1"}},"name":"scheduledFor_1","background":true},{"v":{"$numberInt":"2"},"key":{"expiresAt":{"$numberInt":"1"}},"name":"expiresAt_1","background":true},{"v":{"$numberInt":"2"},"key":{"targetAiId":{"$numberInt":"1"},"status":{"$numberInt":"1"}},"name":"targetAiId_1_status_1","background":true},{"v":{"$numberInt":"2"},"key":{"priority":{"$numberInt":"-1"},"scheduledFor":{"$numberInt":"1"}},"name":"priority_-1_scheduledFor_1","background":true},{"v":{"$numberInt":"2"},"key":{"status":{"$numberInt":"1"},"scheduledFor":{"$numberInt":"1"}},"name":"status_1_scheduledFor_1","background":true},{"v":{"$numberInt":"2"},"key":{"fromAiId":{"$numberInt":"1"},"createdAt":{"$numberInt":"-1"}},"name":"fromAiId_1_createdAt_-1","background":true},{"v":{"$numberInt":"2"},"key":{"content.metadata.conversationId":{"$numberInt":"1"}},"name":"content.metadata.conversationId_1","background":true}],"uuid":"1a4a552b5b7c48d4bcc87b1070810a71","collectionName":"aimessagequeues","type":"collection"}