{"indexes":[{"v":{"$numberInt":"2"},"key":{"_id":{"$numberInt":"1"}},"name":"_id_"},{"v":{"$numberInt":"2"},"key":{"blockerId":{"$numberInt":"1"}},"name":"blockerId_1","background":true},{"v":{"$numberInt":"2"},"key":{"blockedUserId":{"$numberInt":"1"}},"name":"blockedUserId_1","background":true},{"v":{"$numberInt":"2"},"key":{"blockerId":{"$numberInt":"1"},"blockedUserId":{"$numberInt":"1"}},"name":"blockerId_1_blockedUserId_1","background":true,"unique":true},{"v":{"$numberInt":"2"},"key":{"blockerId":{"$numberInt":"1"},"blockedAt":{"$numberInt":"-1"}},"name":"blockerId_1_blockedAt_-1","background":true},{"v":{"$numberInt":"2"},"key":{"blockedUserId":{"$numberInt":"1"},"blockedAt":{"$numberInt":"-1"}},"name":"blockedUserId_1_blockedAt_-1","background":true}],"uuid":"242947d5fbc5421aa73f9402d7549929","collectionName":"blocks","type":"collection"}