{"indexes":[{"v":{"$numberInt":"2"},"key":{"_id":{"$numberInt":"1"}},"name":"_id_"},{"v":{"$numberInt":"2"},"key":{"fromUserId":{"$numberInt":"1"}},"name":"fromUserId_1","background":true},{"v":{"$numberInt":"2"},"key":{"toUserId":{"$numberInt":"1"}},"name":"toUserId_1","background":true},{"v":{"$numberInt":"2"},"key":{"fromUserId":{"$numberInt":"1"},"toUserId":{"$numberInt":"1"}},"name":"fromUserId_1_toUserId_1","background":true,"unique":true},{"v":{"$numberInt":"2"},"key":{"toUserId":{"$numberInt":"1"},"status":{"$numberInt":"1"}},"name":"toUserId_1_status_1","background":true},{"v":{"$numberInt":"2"},"key":{"fromUserId":{"$numberInt":"1"},"status":{"$numberInt":"1"}},"name":"fromUserId_1_status_1","background":true},{"v":{"$numberInt":"2"},"key":{"expiresAt":{"$numberInt":"1"}},"name":"expiresAt_1","background":true},{"v":{"$numberInt":"2"},"key":{"fromUserId":{"$numberInt":"1"},"toUserId":{"$numberInt":"1"},"status":{"$numberInt":"1"}},"name":"fromUserId_1_toUserId_1_status_1","background":true}],"uuid":"be1f9f5ddf824b7d97bdeadf2f6ef4c2","collectionName":"connectionrequests","type":"collection"}