{"indexes":[{"v":{"$numberInt":"2"},"key":{"_id":{"$numberInt":"1"}},"name":"_id_"},{"v":{"$numberInt":"2"},"key":{"userId":{"$numberInt":"1"}},"name":"userId_1","background":true},{"v":{"$numberInt":"2"},"key":{"conversationId":{"$numberInt":"1"}},"name":"conversationId_1","background":true},{"v":{"$numberInt":"2"},"key":{"userId":{"$numberInt":"1"},"conversationId":{"$numberInt":"1"}},"name":"userId_1_conversationId_1","background":true,"unique":true}],"uuid":"21d1ccea7d334f8c8ae999f9ef8950d0","collectionName":"diyamemories","type":"collection"}