{"indexes":[{"v":{"$numberInt":"2"},"key":{"_id":{"$numberInt":"1"}},"name":"_id_"},{"v":{"$numberInt":"2"},"key":{"messageId":{"$numberInt":"1"}},"name":"messageId_1","background":true,"unique":true},{"v":{"$numberInt":"2"},"key":{"groupId":{"$numberInt":"1"}},"name":"groupId_1","background":true},{"v":{"$numberInt":"2"},"key":{"senderId":{"$numberInt":"1"}},"name":"senderId_1","background":true},{"v":{"$numberInt":"2"},"key":{"groupId":{"$numberInt":"1"},"createdAt":{"$numberInt":"-1"}},"name":"groupId_1_createdAt_-1","background":true},{"v":{"$numberInt":"2"},"key":{"senderId":{"$numberInt":"1"},"createdAt":{"$numberInt":"-1"}},"name":"senderId_1_createdAt_-1","background":true},{"v":{"$numberInt":"2"},"key":{"groupId":{"$numberInt":"1"},"status":{"$numberInt":"1"}},"name":"groupId_1_status_1","background":true},{"v":{"$numberInt":"2"},"key":{"groupId":{"$numberInt":"1"},"messageType":{"$numberInt":"1"}},"name":"groupId_1_messageType_1","background":true},{"v":{"$numberInt":"2"},"key":{"expiresAt":{"$numberInt":"1"}},"name":"expiresAt_1","background":true,"expireAfterSeconds":{"$numberInt":"0"}},{"v":{"$numberInt":"2"},"key":{"_fts":"text","_ftsx":{"$numberInt":"1"}},"name":"message_text","background":true,"weights":{"message":{"$numberInt":"1"}},"default_language":"english","language_override":"language","textIndexVersion":{"$numberInt":"3"}}],"uuid":"28a1eac876874e7ab0b35c50babf863b","collectionName":"groupmessages","type":"collection"}