{"indexes":[{"v":{"$numberInt":"2"},"key":{"_id":{"$numberInt":"1"}},"name":"_id_"},{"v":{"$numberInt":"2"},"key":{"senderId":{"$numberInt":"1"}},"name":"senderId_1","background":true},{"v":{"$numberInt":"2"},"key":{"receiverId":{"$numberInt":"1"}},"name":"receiverId_1","background":true},{"v":{"$numberInt":"2"},"key":{"timestamp":{"$numberInt":"1"}},"name":"timestamp_1","background":true},{"v":{"$numberInt":"2"},"key":{"senderId":{"$numberInt":"1"},"receiverId":{"$numberInt":"1"},"timestamp":{"$numberInt":"-1"}},"name":"senderId_1_receiverId_1_timestamp_-1","background":true},{"v":{"$numberInt":"2"},"key":{"receiverId":{"$numberInt":"1"},"senderId":{"$numberInt":"1"},"timestamp":{"$numberInt":"-1"}},"name":"receiverId_1_senderId_1_timestamp_-1","background":true},{"v":{"$numberInt":"2"},"key":{"receiverId":{"$numberInt":"1"},"status":{"$numberInt":"1"}},"name":"receiverId_1_status_1","background":true},{"v":{"$numberInt":"2"},"key":{"_fts":"text","_ftsx":{"$numberInt":"1"}},"name":"searchText_text","background":true,"weights":{"searchText":{"$numberInt":"1"}},"default_language":"english","language_override":"language","textIndexVersion":{"$numberInt":"3"}}],"uuid":"5e898afa994c44b1b8321876767c158f","collectionName":"messages","type":"collection"}