{"indexes":[{"v":{"$numberInt":"2"},"key":{"_id":{"$numberInt":"1"}},"name":"_id_"},{"v":{"$numberInt":"2"},"key":{"userId":{"$numberInt":"1"}},"name":"userId_1","background":true},{"v":{"$numberInt":"2"},"key":{"createdAt":{"$numberInt":"1"}},"name":"createdAt_1","background":true},{"v":{"$numberInt":"2"},"key":{"expiresAt":{"$numberInt":"1"}},"name":"expiresAt_1","background":true},{"v":{"$numberInt":"2"},"key":{"isActive":{"$numberInt":"1"}},"name":"isActive_1","background":true},{"v":{"$numberInt":"2"},"key":{"userId":{"$numberInt":"1"},"isActive":{"$numberInt":"1"}},"name":"userId_1_isActive_1","background":true}],"uuid":"d7bdb58618924572bbe83dead5da8276","collectionName":"posts","type":"collection"}