{"indexes":[{"v":{"$numberInt":"2"},"key":{"_id":{"$numberInt":"1"}},"name":"_id_"},{"v":{"$numberInt":"2"},"key":{"userId":{"$numberInt":"1"}},"name":"userId_1","background":true},{"v":{"$numberInt":"2"},"key":{"user":{"$numberInt":"1"}},"name":"user_1","background":true},{"v":{"$numberInt":"2"},"key":{"userId":{"$numberInt":"1"},"name":{"$numberInt":"1"}},"name":"userId_1_name_1","background":true},{"v":{"$numberInt":"2"},"key":{"userId":{"$numberInt":"1"},"status":{"$numberInt":"1"}},"name":"userId_1_status_1","background":true},{"v":{"$numberInt":"2"},"key":{"user":{"$numberInt":"1"},"status":{"$numberInt":"1"}},"name":"user_1_status_1","background":true},{"v":{"$numberInt":"2"},"key":{"user":{"$numberInt":"1"},"name":{"$numberInt":"1"}},"name":"user_1_name_1","background":true},{"v":{"$numberInt":"2"},"key":{"category":{"$numberInt":"1"}},"name":"category_1","background":true},{"v":{"$numberInt":"2"},"key":{"isSystemTemplate":{"$numberInt":"1"},"category":{"$numberInt":"1"}},"name":"isSystemTemplate_1_category_1","background":true},{"v":{"$numberInt":"2"},"key":{"userId":{"$numberInt":"1"},"category":{"$numberInt":"1"}},"name":"userId_1_category_1","background":true},{"v":{"$numberInt":"2"},"key":{"userId":{"$numberInt":"1"},"usageCount":{"$numberInt":"-1"}},"name":"userId_1_usageCount_-1","background":true},{"v":{"$numberInt":"2"},"key":{"tags":{"$numberInt":"1"}},"name":"tags_1","background":true},{"v":{"$numberInt":"2"},"key":{"isPublic":{"$numberInt":"1"},"usageCount":{"$numberInt":"-1"}},"name":"isPublic_1_usageCount_-1","background":true}],"uuid":"8c684c7d753a499d91d00da9ccac077c","collectionName":"statustemplates","type":"collection"}