{"indexes":[{"v":{"$numberInt":"2"},"key":{"_id":{"$numberInt":"1"}},"name":"_id_"},{"v":{"$numberInt":"2"},"key":{"userId":{"$numberInt":"1"}},"name":"userId_1","background":true,"unique":true},{"v":{"$numberInt":"2"},"key":{"phoneNumber":{"$numberInt":"1"}},"name":"phoneNumber_1","background":true,"unique":true},{"v":{"$numberInt":"2"},"key":{"email":{"$numberInt":"1"}},"name":"email_1","background":true,"unique":true},{"v":{"$numberInt":"2"},"key":{"status":{"$numberInt":"1"}},"name":"status_1","background":true},{"v":{"$numberInt":"2"},"key":{"statusUntil":{"$numberInt":"1"}},"name":"statusUntil_1","background":true},{"v":{"$numberInt":"2"},"key":{"contacts":{"$numberInt":"1"}},"name":"contacts_1","background":true},{"v":{"$numberInt":"2"},"key":{"username":{"$numberInt":"1"}},"name":"username_1","background":true,"unique":true,"sparse":true},{"v":{"$numberInt":"2"},"key":{"searchableName":{"$numberInt":"1"}},"name":"searchableName_1","background":true},{"v":{"$numberInt":"2"},"key":{"isPublic":{"$numberInt":"1"}},"name":"isPublic_1","background":true},{"v":{"$numberInt":"2"},"key":{"appConnections.userId":{"$numberInt":"1"}},"name":"appConnections.userId_1","background":true}],"uuid":"439c29b3886c41829813bffe2ccc53b3","collectionName":"users","type":"collection"}